[
  {
    "data": [
      {
        "profile_id": "204",
        "profile_id_str": "000204",
        "customcode": "9302400020410",
        "nationality": "V",
        "nationality_str": "Venezolano",
        "pin": "45678901",
        "pin_str": "V-45678901",
        "fullname": "DIEGO ARMANDO RIVAS SANCHEZ",
        "shortname": "DIEGO A. RIVAS S.",
        "firstnames": "DIEGO ARMANDO",
        "lastnames": "RIVAS SANCHEZ",
        "sex": "M",
        "sex_str": "Masculino",
        "type": "15",
        "type_str": ["Docente", "Investigador"],
        "profile_image_url": "http://api.uptos.edu.ve/directory/images/f1a2b3c4d5e6f7a8_20240515143000.jpg",
        "status": "1",
        "status_str": "Activo",
        "create": "2018-09-12 10:22:11.334455",
        "create_str": "mié 12 sep 2018, 10:22am",
        "last_update": "2024-06-11 08:15:33.445566",
        "last_update_str": "mar 11 jun 2024, 08:15am",
        "home": "1",
        "additional": "CIENCIAS SOCIALES,DEPARTAMENTO DE INVESTIGACIÓN",
        "ldap_account": ""
      },
      {
        "profile_id": "205",
        "profile_id_str": "000205",
        "customcode": "9302400020510",
        "nationality": "V",
        "nationality_str": "Venezolano",
        "pin": "56789012",
        "pin_str": "V-56789012",
        "fullname": "ANA ISABEL TORRES BRICEÑO",
        "shortname": "ANA I. TORRES B.",
        "firstnames": "ANA ISABEL",
        "lastnames": "TORRES BRICEÑO",
        "sex": "F",
        "sex_str": "Femenino",
        "type": "15",
        "type_str": ["Administrativo", "Graduado"],
        "profile_image_url": "http://api.uptos.edu.ve/directory/images/g7h8i9j0k1l2m3n_20240320174530.jpg",
        "status": "1",
        "status_str": "Activo",
        "create": "2019-04-05 14:30:45.667788",
        "create_str": "vie 05 abr 2019, 14:30pm",
        "last_update": "2024-06-10 11:20:15.778899",
        "last_update_str": "lun 10 jun 2024, 11:20am",
        "home": "1",
        "additional": "ADMINISTRACIÓN,DIRECCIÓN DE RECURSOS HUMANOS",
        "ldap_account": ""
      },
      {
        "profile_id": "206",
        "profile_id_str": "000206",
        "customcode": "9302400020610",
        "nationality": "V",
        "nationality_str": "Venezolano",
        "pin": "67890123",
        "pin_str": "V-67890123",
        "fullname": "JOSÉ GREGORIO MÉNDEZ PARRA",
        "shortname": "JOSÉ G. MÉNDEZ P.",
        "firstnames": "JOSÉ GREGORIO",
        "lastnames": "MÉNDEZ PARRA",
        "sex": "M",
        "sex_str": "Masculino",
        "type": "15",
        "type_str": ["Estudiante", "Becario"],
        "profile_image_url": "http://api.uptos.edu.ve/directory/images/o4p5q6r7s8t9u0v_20240228103015.jpg",
        "status": "1",
        "status_str": "Activo",
        "create": "2021-02-15 09:45:22.990011",
        "create_str": "lun 15 feb 2021, 09:45am",
        "last_update": "2024-06-12 15:10:05.112233",
        "last_update_str": "mié 12 jun 2024, 15:10pm",
        "home": "1",
        "additional": "INGENIERÍA CIVIL,Laboratorio de Materiales",
        "ldap_account": ""
      },
      {
        "profile_id": "207",
        "profile_id_str": "000207",
        "customcode": "9302400020710",
        "nationality": "V",
        "nationality_str": "Venezolano",
        "pin": "78901234",
        "pin_str": "V-78901234",
        "fullname": "SOFÍA VALENTINA RANGEL GONZÁLEZ",
        "shortname": "SOFÍA V. RANGEL G.",
        "firstnames": "SOFÍA VALENTINA",
        "lastnames": "RANGEL GONZÁLEZ",
        "sex": "F",
        "sex_str": "Femenino",
        "type": "15",
        "type_str": ["Investigador", "Docente"],
        "profile_image_url": "http://api.uptos.edu.ve/directory/images/w1x2y3z4a5b6c7d_20240601143000.jpg",
        "status": "1",
        "status_str": "Activo",
        "create": "2022-07-20 16:15:30.445566",
        "create_str": "mié 20 jul 2022, 16:15pm",
        "last_update": "2024-06-11 10:05:25.334455",
        "last_update_str": "mar 11 jun 2024, 10:05am",
        "home": "1",
        "additional": "BIOLOGÍA,Laboratorio de Genética",
        "ldap_account": ""
      },
      {
        "profile_id": "208",
        "profile_id_str": "000208",
        "customcode": "9302400020810",
        "nationality": "V",
        "nationality_str": "Venezolano",
        "pin": "89012345",
        "pin_str": "V-89012345",
        "fullname": "CARLOS ANDRÉS PÉREZ MORA",
        "shortname": "CARLOS A. PÉREZ M.",
        "firstnames": "CARLOS ANDRÉS",
        "lastnames": "PÉREZ MORA",
        "sex": "M",
        "sex_str": "Masculino",
        "type": "15",
        "type_str": ["Administrativo", "Técnico"],
        "profile_image_url": "http://api.uptos.edu.ve/directory/images/e8f9g0h1i2j3k4l_20240410120000.jpg",
        "status": "1",
        "status_str": "Activo",
        "create": "2023-01-10 11:10:05.778899",
        "create_str": "mar 10 ene 2023, 11:10am",
        "last_update": "2024-06-09 16:45:10.667788",
        "last_update_str": "dom 09 jun 2024, 16:45pm",
        "home": "1",
        "additional": "TECNOLOGÍA,CENTRO DE CÓMPUTO",
        "ldap_account": ""
      },
      {
        "profile_id": "209",
        "profile_id_str": "000209",
        "customcode": "9302400020910",
        "nationality": "V",
        "nationality_str": "Venezolano",
        "pin": "90123456",
        "pin_str": "V-90123456",
        "fullname": "MARÍA GABRIELA LÓPEZ FERNÁNDEZ",
        "shortname": "MARÍA G. LÓPEZ F.",
        "firstnames": "MARÍA GABRIELA",
        "lastnames": "LÓPEZ FERNÁNDEZ",
        "sex": "F",
        "sex_str": "Femenino",
        "type": "15",
        "type_str": ["Estudiante", "Voluntario"],
        "profile_image_url": "http://api.uptos.edu.ve/directory/images/m5n6o7p8q9r0s1t_20240505154500.jpg",
        "status": "1",
        "status_str": "Activo",
        "create": "2023-08-25 13:20:35.112233",
        "create_str": "vie 25 ago 2023, 13:20pm",
        "last_update": "2024-06-12 12:30:45.990011",
        "last_update_str": "mié 12 jun 2024, 12:30pm",
        "home": "1",
        "additional": "MEDICINA,CLÍNICA UNIVERSITARIA",
        "ldap_account": ""
      }
    ]
  }
]
